Timestamp,DC Current (A)
2025-06-09 13:21:32,3e-08
2025-06-09 13:21:35,-7.5e-09
2025-06-09 13:21:38,-3.25e-08
2025-06-09 13:21:40,6.74e-08
2025-06-09 13:21:43,-1.75e-08
2025-06-09 13:21:46,-1.5e-08
2025-06-09 13:21:49,2.5e-08
2025-06-09 13:21:52,-6.24e-08
2025-06-09 13:21:55,2.25e-08
2025-06-09 13:21:58,-3e-08
2025-06-09 13:22:00,-2.75e-08
2025-06-09 14:29:37,2.65004e-05
2025-06-09 14:29:40,2.59309e-05
2025-06-09 14:29:42,2.53788e-05
2025-06-09 14:34:17,0.019680103
2025-06-09 14:34:20,0.019648032
2025-06-09 14:34:23,0.019617867
2025-06-09 14:34:26,0.019609065
2025-06-09 14:34:29,0.019576669
2025-06-09 14:34:32,0.019540285
2025-06-09 14:34:35,0.019517392
2025-06-09 14:34:37,0.019537878
2025-06-09 14:34:40,0.019526243
2025-06-09 14:34:43,0.019483265
2025-06-09 14:34:46,0.019475742
2025-06-09 14:34:49,0.019485145
2025-06-09 14:34:52,0.019474664
2025-06-09 14:34:55,0.019459218
2025-06-09 14:34:57,0.019439935
2025-06-09 14:35:00,0.019447683
2025-06-09 14:35:03,0.019396255
2025-06-09 14:35:06,0.019389259
2025-06-09 14:35:09,0.019394098
2025-06-09 14:35:12,0.01936466
2025-06-09 14:35:15,0.019387203
2025-06-09 14:35:17,0.019351195
2025-06-09 14:35:20,0.019348236
2025-06-09 14:35:23,0.019356737
2025-06-09 14:35:26,0.019318397
2025-06-09 14:35:29,0.019319676
2025-06-09 14:35:32,0.019266969
2025-06-09 14:35:35,0.019225946
2025-06-09 14:35:38,0.019208168
2025-06-09 14:35:41,0.01920541
2025-06-09 14:35:44,0.019185049
2025-06-09 14:35:47,0.019153505
2025-06-09 14:35:50,0.019107066
2025-06-09 14:35:53,0.019106665
2025-06-09 14:35:56,0.019067598
2025-06-09 14:35:59,0.019035778
2025-06-09 14:36:02,0.019024946
2025-06-09 14:36:05,0.019055111
2025-06-09 14:36:08,0.018987534
2025-06-09 14:36:11,0.018987735
2025-06-09 14:36:14,0.018985628
2025-06-09 14:36:16,0.018965318
2025-06-09 14:36:19,0.018955589
2025-06-09 14:36:22,0.01894107
2025-06-09 14:36:25,0.018925424
2025-06-09 14:36:28,0.018902355
2025-06-09 14:36:31,0.018881843
2025-06-09 14:36:34,0.018864592
2025-06-09 14:36:37,0.01887234
2025-06-09 14:36:39,0.01884556
2025-06-09 14:36:42,0.018834151
2025-06-09 14:36:45,0.018785631
2025-06-09 14:36:48,0.018762412
2025-06-09 14:36:51,0.018752858
2025-06-09 14:36:54,0.018732598
2025-06-09 14:36:57,0.018702132
2025-06-09 14:37:00,0.018704464
2025-06-09 14:37:03,0.018672919
2025-06-09 14:37:06,0.018663015
2025-06-09 14:37:09,0.018652283
2025-06-09 14:37:12,0.018623697
2025-06-09 14:37:15,0.018602008
2025-06-09 14:37:18,0.018593357
2025-06-09 14:37:21,0.018580218
2025-06-09 14:37:24,0.018566777
2025-06-09 14:37:27,0.018547043
2025-06-09 14:37:31,0.018500429
2025-06-09 14:37:34,0.018467907
2025-06-09 14:37:37,0.018436739
2025-06-09 14:37:40,0.018413871
2025-06-09 14:37:43,0.01839707
2025-06-09 14:37:46,0.018388269
2025-06-09 14:37:49,0.018378841
2025-06-09 14:37:52,0.018365627
2025-06-09 14:37:55,0.018376634
2025-06-09 14:37:59,0.018375105
2025-06-09 14:38:02,0.018372572
2025-06-09 14:38:05,0.018363596
2025-06-09 14:38:08,0.018348851
2025-06-09 14:38:11,0.018340878
2025-06-09 14:38:15,0.018336439
2025-06-09 14:38:18,0.018336515
2025-06-09 14:38:21,0.018340025
2025-06-09 14:38:24,0.018334659
2025-06-09 14:38:27,0.018327638
2025-06-09 14:38:30,0.018323576
2025-06-09 14:38:34,0.018322097
2025-06-09 14:38:37,0.018314449
2025-06-09 14:38:40,0.018308431
2025-06-09 14:38:43,0.018301084
2025-06-09 14:38:46,0.018295818
2025-06-09 14:38:50,0.01829489
2025-06-09 14:38:53,0.018292909
2025-06-09 14:38:56,0.018296846
2025-06-09 14:39:00,0.018291806
2025-06-09 14:39:03,0.018287694
2025-06-09 14:39:06,0.018286465
2025-06-09 14:39:09,0.018289023
2025-06-09 14:39:13,0.018288321
2025-06-09 14:39:16,0.018284785
2025-06-09 14:39:19,0.018278767
2025-06-09 14:39:22,0.018273827
2025-06-09 14:39:25,0.018273702
2025-06-09 14:39:28,0.018268863
2025-06-09 14:39:31,0.018269113
2025-06-09 14:39:34,0.018267609
2025-06-09 14:39:37,0.018266455
2025-06-09 14:39:40,0.018266631
2025-06-09 14:39:42,0.018267634
2025-06-09 14:39:45,0.018265929
2025-06-09 14:39:48,0.018266756
2025-06-09 14:39:51,0.0182648
2025-06-09 14:39:54,0.018264901
2025-06-09 14:39:57,0.0182648
2025-06-09 14:40:00,0.018264299
2025-06-09 14:40:03,0.018261491
2025-06-09 14:40:07,0.018262042
2025-06-09 14:40:10,0.018262945
2025-06-09 14:40:13,0.018262293
2025-06-09 14:40:16,0.018261741
2025-06-09 14:41:32,0.02565047
2025-06-09 14:41:35,0.025639312
2025-06-09 14:41:38,0.025629181
2025-06-09 14:41:41,0.025624242
2025-06-09 14:41:44,0.025622486
2025-06-09 14:41:47,0.025616494
2025-06-09 14:41:49,0.025611027
2025-06-09 14:41:52,0.025610275
2025-06-09 14:41:55,0.025606739
2025-06-09 14:41:58,0.025605285
2025-06-09 14:42:01,0.025606664
2025-06-09 14:42:04,0.025600972
2025-06-09 14:42:06,0.025601123
2025-06-09 14:42:09,0.025600621
2025-06-09 14:42:12,0.025599016
2025-06-09 14:42:15,0.025596709
2025-06-09 14:42:18,0.025594503
2025-06-09 14:42:21,0.025559298
2025-06-09 14:42:24,0.025580135
2025-06-09 14:57:12,0.019641212
2025-06-09 14:57:15,0.019617792
2025-06-09 14:57:18,0.019635795
2025-06-09 14:57:20,0.019617691
2025-06-09 14:57:23,0.019614306
2025-06-09 14:57:26,0.019583589
2025-06-09 14:57:29,0.01961057
2025-06-09 14:57:32,0.019568695
2025-06-09 14:57:35,0.019575214
